MHDECOD,MHGRPCOD,MHTERM,MHGRPTERM
1,1,–«‘«”’•a,‘‘B«ξα‡
2,1,–«D’†‹…«”’•a,‘‘B«ξα‡
3,1,^«Τ‹…‘‰ΑΗ,‘‘B«ξα‡
4,1,΄”­«‘όΫΗ,‘‘B«ξα‡
5,1,–{‘Τ«¬”ΒΗ,‘‘B«ξα‡
6,1,–«D_‹…«”’•a,‘‘B«ξα‡
7,1,”η•†”μ–Χ–EΗ,‘‘B«ξα‡
8,1,‘Sg«”μ–Χ–EΗ,‘‘B«ξα‡
9,1,”μ–Χ–E«”’•a,‘‘B«ξα‡
10,1,”μ–Χ–E“χξ,‘‘B«ξα‡
11,1,”η•†O”μ–Χ–Eξ,‘‘B«ξα‡
12,1,‚»‚Μ‘Ό‚Μ‘‘B«Ύ³,‘‘B«ξα‡
13,2,‚o‚c‚f‚e‚q‚`Δ\¬‘«Eƒƒ“ƒp«ξα‡,‚o‚c‚f‚e‚q‚`A‚o‚c‚f‚e‚q‚aA‚e‚f‚e‚q‚PΩνΗ
14,2,‚o‚c‚f‚e‚q‚aΔ\¬‘«ξα‡,‚o‚c‚f‚e‚q‚`A‚o‚c‚f‚e‚q‚aA‚e‚f‚e‚q‚PΩνΗ
15,2,‚e‚f‚e‚q‚PΩν‘«Eƒƒ“ƒp«ξα‡,‚o‚c‚f‚e‚q‚`A‚o‚c‚f‚e‚q‚aA‚e‚f‚e‚q‚PΩνΗ
16,3,–«‘’P‹…«”’•a,‘Ω`¬E‘‘B«ξα‡
17,3,”ρ’θ^–«‘«”’•a,‘Ω`¬E‘‘B«ξα‡
18,3,α”N«‘’P‹…«”’•a,‘Ω`¬E‘‘B«ξα‡
19,3,‚»‚Μ‘Ό‚Μ‘Ω`¬E‘B«ξα‡,‘Ω`¬E‘‘B«ξα‡
20,3,‘Ω`¬ΗσQi‚q‚`‚q‚rjE¬”ΒΗ,‘Ω`¬E‘‘B«ξα‡
21,4,•s‰«•n,‘Ω`¬ΗσQ
22,4,•s‰«D’†‹…Έ­Η,‘Ω`¬ΗσQ
23,4,•s‰«¬”ΒΈ­Η,‘Ω`¬ΗσQ
24,4,Βσ“S‰θ‹…‚π”Ί‚¤•s‰«•n,‘Ω`¬ΗσQ
25,4,‘½‹…nΩ`¬‚π”Ί‚¤•s‰«‹…Έ­Η,‘Ω`¬ΗσQ
26,4,‰θ‹…‘‰Α‚π”Ί‚¤•s‰«•n,‘Ω`¬ΗσQ
27,4,‚T‚‘|ΗσQ,‘Ω`¬ΗσQ
28,4,•—ή•s”\^‘Ω`¬ΗσQ,‘Ω`¬ΗσQ
29,4,¬™•s‰«‹…Έ­Η,‘Ω`¬ΗσQ
30,5,‚q‚t‚m‚w‚P|‚q‚t‚m‚w‚P‚s‚P—z«‹}«‘«”’•a,‹}«‘«”’•a‚¨‚ζ‚ΡΦAξα‡
31,5,‚b‚a‚e‚a|‚l‚x‚g‚P‚P—z«‹}«‘«”’•a,‹}«‘«”’•a‚¨‚ζ‚ΡΦAξα‡
32,5,‹}«‘O‘‹…«”’•a,‹}«‘«”’•a‚¨‚ζ‚ΡΦAξα‡
33,5,‚l‚k‚k‚s‚R|‚l‚k‚k—z«‹}«‘«”’•a,‹}«‘«”’•a‚¨‚ζ‚ΡΦAξα‡
34,5,‚c‚d‚j|‚m‚t‚o‚Q‚P‚S—z«‹}«‘«”’•a,‹}«‘«”’•a‚¨‚ζ‚ΡΦAξα‡
35,5,‚q‚o‚m‚P|‚d‚u‚h‚P—z«‹}«‘«”’•a,‹}«‘«”’•a‚¨‚ζ‚ΡΦAξα‡
36,5,‚q‚a‚l‚P‚T|‚l‚j‚k‚P—z«‹}«‘«”’•a,‹}«‘«”’•a‚¨‚ζ‚ΡΦAξα‡
37,5,‚m‚o‚l‚PΩν‹}«‘«”’•a,‹}«‘«”’•a‚¨‚ζ‚ΡΦAξα‡
38,5,‚b‚d‚a‚o‚`Ων‹}«‘«”’•a,‹}«‘«”’•a‚¨‚ζ‚ΡΦAξα‡
39,5,‘Ω`¬ΦA•Ο‰»”Ί‹}«‘«”’•a,‹}«‘«”’•a‚¨‚ζ‚ΡΦAξα‡
40,5,΅—ΓΦA”’•aE‘Ω`¬ΗσQ,‹}«‘«”’•a‚¨‚ζ‚ΡΦAξα‡
41,5,‹}«‘«”’•a,‹}«‘«”’•a‚¨‚ζ‚ΡΦAξα‡
42,5,‹}«‘«”’•ai‚l‚Oj,‹}«‘«”’•a‚¨‚ζ‚ΡΦAξα‡
43,5,‹}«‘«”’•ai‚l‚Pj,‹}«‘«”’•a‚¨‚ζ‚ΡΦAξα‡
44,5,‹}«‘«”’•ai‚l‚Qj,‹}«‘«”’•a‚¨‚ζ‚ΡΦAξα‡
45,5,‹}«‘’P‹…«”’•a,‹}«‘«”’•a‚¨‚ζ‚ΡΦAξα‡
46,5,‹}«’P‹…«”’•a,‹}«‘«”’•a‚¨‚ζ‚ΡΦAξα‡
47,5,‹}«Τ”’•a,‹}«‘«”’•a‚¨‚ζ‚ΡΦAξα‡
48,5,‹}«‹j‰θ‹…«”’•a,‹}«‘«”’•a‚¨‚ζ‚ΡΦAξα‡
49,5,‹}«D‰–ξ‹…«”’•a,‹}«‘«”’•a‚¨‚ζ‚ΡΦAξα‡
50,5,‹}«‘όΫΗ,‹}«‘«”’•a‚¨‚ζ‚ΡΦAξα‡
51,5,‘«“χξ,‹}«‘«”’•a‚¨‚ζ‚ΡΦAξα‡
52,5,κ‰ί«Ων‘‘Ά,‹}«‘«”’•a‚¨‚ζ‚ΡΦAξα‡
53,5,ƒ_ƒEƒ“ΗσQΦA‘«”’•a,‹}«‘«”’•a‚¨‚ζ‚ΡΦAξα‡
54,5,‰θ‹…«`ΏΧ–E—lχσΧ–Eξα‡,‹}«‘«”’•a‚¨‚ζ‚ΡΦAξα‡
55,6,–Ά•‰»‹}«”’•a,n“•s–Ύ‹}«”’•a
56,6,‚a‚b‚q|‚`‚a‚k‚P—z«‹}«¬‡^”’•a,n“•s–Ύ‹}«”’•a
57,6,‚l‚k‚kΔ\¬‹}«¬‡«”’•a,n“•s–Ύ‹}«”’•a
58,6,‚aE‘«‹}«¬‡«”’•a,n“•s–Ύ‹}«”’•a
59,6,‚sE‘«‹}«¬‡«”’•a,n“•s–Ύ‹}«”’•a
148,6,‹H‚Θ‹}«¬‡«”’•a,n“•s–Ύ‹}«”’•a
149,6,n“•s–Ύ”’•a,n“•s–Ύ‹}«”’•a
60,6,‚m‚jΧ–E«”’•aEƒƒ“ƒpξ,n“•s–Ύ‹}«”’•a
61,7,‚aƒƒ“ƒp‰θ‹…«”’•a^ƒƒ“ƒpξ,‘O‹μƒƒ“ƒp‹…nξα‡
62,7,‚a‚b‚q|‚`‚a‚k‚P—z«‚aƒƒ“ƒp‰θ‹…«”’•a^ƒƒ“ƒpξ,‘O‹μƒƒ“ƒp‹…nξα‡
63,7,‚l‚k‚kΔ\¬^‚aƒƒ“ƒp‰θ‹…«”’•a^ƒƒ“ƒpξ,‘O‹μƒƒ“ƒp‹…nξα‡
64,7,‚s‚d‚k|‚`‚l‚k‚P—z«‚aƒƒ“ƒp‰θ‹…«”’•a^ƒƒ“ƒpξ,‘O‹μƒƒ“ƒp‹…nξα‡
65,7,‚‚Q”{‘Μ«‚aƒƒ“ƒp‰θ‹…«”’•a^ƒƒ“ƒpξ,‘O‹μƒƒ“ƒp‹…nξα‡
66,7,’α‚Q”{‘Μ«‚aƒƒ“ƒp‰θ‹…«”’•a^ƒƒ“ƒpξ,‘O‹μƒƒ“ƒp‹…nξα‡
67,7,‚h‚k‚R|‚h‚f‚g—z«‚aƒƒ“ƒp‰θ‹…«”’•a^ƒƒ“ƒpξ,‘O‹μƒƒ“ƒp‹…nξα‡
68,7,‚d‚Q‚`|‚o‚a‚w‚P—z«‚aƒƒ“ƒp‰θ‹…«”’•a^ƒƒ“ƒpξ,‘O‹μƒƒ“ƒp‹…nξα‡
69,7,‚sƒƒ“ƒp‰θ‹…«”’•a^ƒƒ“ƒpξ,‘O‹μƒƒ“ƒp‹…nξα‡
70,8,‚aΧ–E–«ƒƒ“ƒp‹…«”’•a,¬n‚aΧ–Eξα‡iƒƒ“ƒpξE‘ξj
71,8,‚aΧ–E«‘Oƒƒ“ƒp‹…«”’•a,¬n‚aΧ–Eξα‡iƒƒ“ƒpξE‘ξj
72,8,δB•Σ‰‘Ρƒƒ“ƒpξ,¬n‚aΧ–Eξα‡iƒƒ“ƒpξE‘ξj
73,8,ƒwƒAƒ[Χ–E”’•a,¬n‚aΧ–Eξα‡iƒƒ“ƒpξE‘ξj
74,8,δB‚aΧ–E«ƒƒ“ƒpξ^”’•aE•—ή•s”\^,¬n‚aΧ–Eξα‡iƒƒ“ƒpξE‘ξj
75,8,δB‚Ρ‚ά‚ρ«ΤδB‘¬‚aΧ–E«ƒƒ“ƒpξ,¬n‚aΧ–Eξα‡iƒƒ“ƒpξE‘ξj
76,8,ƒwƒAƒ[Χ–E”’•a^,¬n‚aΧ–Eξα‡iƒƒ“ƒpξE‘ξj
77,8,ƒƒ“ƒp`ΏΧ–E«ƒƒ“ƒpξ,¬n‚aΧ–Eξα‡iƒƒ“ƒpξE‘ξj
78,8,΄”­«ƒ}ƒNƒƒOƒƒuƒƒ“Η,¬n‚aΧ–Eξα‡iƒƒ“ƒpξE‘ξj
79,8,d½•a,¬n‚aΧ–Eξα‡iƒƒ“ƒpξE‘ξj
80,8,ƒAƒ‹ƒtƒ@d½•a,¬n‚aΧ–Eξα‡iƒƒ“ƒpξE‘ξj
81,8,ƒKƒ“ƒ}d½•a,¬n‚aΧ–Eξα‡iƒƒ“ƒpξE‘ξj
82,8,ƒ~ƒ…[d½•a,¬n‚aΧ–Eξα‡iƒƒ“ƒpξE‘ξj
150,8,Σ‹`•s–Ύ‚l’`”’Η,¬n‚aΧ–Eξα‡iƒƒ“ƒpξE‘ξj
83,8,‘½”­«‘ξ,¬n‚aΧ–Eξα‡iƒƒ“ƒpξE‘ξj
84,8,Η”­«`ΏΧ–Eξ,¬n‚aΧ–Eξα‡iƒƒ“ƒpξE‘ξj
85,8,O«`ΏΧ–Eξ,¬n‚aΧ–Eξα‡iƒƒ“ƒpξE‘ξj
151,8,΄”­«ƒAƒ~ƒƒCƒh[ƒVƒX,¬n‚aΧ–Eξα‡iƒƒ“ƒpξE‘ξj
152,8,’PƒNƒ[ƒ“«y½d½’Ύ’…Η,¬n‚aΧ–Eξα‡iƒƒ“ƒpξE‘ξj
153,8,‚o‚n‚d‚l‚rΗσQ,¬n‚aΧ–Eξα‡iƒƒ“ƒpξE‘ξj
86,8,‚l‚`‚k‚sƒƒ“ƒpξ,¬n‚aΧ–Eξα‡iƒƒ“ƒpξE‘ξj
87,8,ί«•Σ‰‘Ρƒƒ“ƒpξ,¬n‚aΧ–Eξα‡iƒƒ“ƒpξE‘ξj
88,8,¬™ί«•Σ‰‘Ρƒƒ“ƒpξ,¬n‚aΧ–Eξα‡iƒƒ“ƒpξE‘ξj
89,8,ΰh–E«ƒƒ“ƒpξ,¬n‚aΧ–Eξα‡iƒƒ“ƒpξE‘ξj
90,8,¬™ΰh–E«ƒƒ“ƒpξ,¬n‚aΧ–Eξα‡iƒƒ“ƒpξE‘ξj
91,8,΄”­«”η•†ΰh–E’†Sƒƒ“ƒpξ,¬n‚aΧ–Eξα‡iƒƒ“ƒpξE‘ξj
92,8,ƒ}ƒ“ƒgƒ‹Χ–Eƒƒ“ƒpξ,¬n‚aΧ–Eξα‡iƒƒ“ƒpξE‘ξj
93,8,‚Ρ‚ά‚ρ«‘εΧ–E^‚aΧ–E«ƒƒ“ƒpξ,¬n‚aΧ–Eξα‡iƒƒ“ƒpξE‘ξj
94,8,‚sΧ–E‘gD‹…–L•x^‘εΧ–E^‚aΧ–E«ƒƒ“ƒpξ,¬n‚aΧ–Eξα‡iƒƒ“ƒpξE‘ξj
95,8,’†•_on΄”­‚Ρ‚ά‚ρ«‘εΧ–E^‚aΧ–E«ƒƒ“ƒpξ,¬n‚aΧ–Eξα‡iƒƒ“ƒpξE‘ξj
96,8,”η•†΄”­‚Ρ‚ά‚ρ«‘εΧ–E^‚aΧ–Eƒƒ“ƒpξE‰Ί^,¬n‚aΧ–Eξα‡iƒƒ“ƒpξE‘ξj
97,8,‚—ξ‚d‚a‚u—z«‚Ρ‚ά‚ρ«‘εΧ–E^‚aΧ–E«ƒƒ“ƒpξ,¬n‚aΧ–Eξα‡iƒƒ“ƒpξE‘ξj
98,8,–«‰ΗΦA‚Ρ‚ά‚ρ«‘εΧ–E^‚aΧ–E«ƒƒ“ƒpξ,¬n‚aΧ–Eξα‡iƒƒ“ƒpξE‘ξj
99,8,ƒƒ“ƒpξ—l“χ‰θξΗ,¬n‚aΧ–Eξα‡iƒƒ“ƒpξE‘ξj
100,8,cu΄”­‘εΧ–E^‚aΧ–E«ƒƒ“ƒpξ,¬n‚aΧ–Eξα‡iƒƒ“ƒpξE‘ξj
101,8,Η“ΰ‘εΧ–E^‚aΧ–E«ƒƒ“ƒpξ,¬n‚aΧ–Eξα‡iƒƒ“ƒpξE‘ξj
102,8,‚`‚k‚j—z«‘εΧ–E^‚aΧ–E«ƒƒ“ƒpξ,¬n‚aΧ–Eξα‡iƒƒ“ƒpξE‘ξj
103,8,`Ώ‰θ‹…«ƒƒ“ƒpξ,¬n‚aΧ–Eξα‡iƒƒ“ƒpξE‘ξj
155,8,ƒLƒƒƒbƒXƒ‹ƒ}ƒ“•a,¬n‚aΧ–Eξα‡iƒƒ“ƒpξE‘ξj
104,8,‚g‚g‚u‚W‘½’†S«ƒLƒƒƒbƒXƒ‹ƒ}ƒ“•a”Ί‘εΧ–E^‚aΧ–E«ƒƒ“ƒpξ,¬n‚aΧ–Eξα‡iƒƒ“ƒpξE‘ξj
105,8,΄”­«ψo«ƒƒ“ƒpξ,¬n‚aΧ–Eξα‡iƒƒ“ƒpξE‘ξj
106,8,ƒo[ƒLƒbƒgƒƒ“ƒpξ,¬n‚aΧ–Eξα‡iƒƒ“ƒpξE‘ξj
107,8,‚Ρ‚ά‚ρ«‘εΧ–E^Eƒo[ƒLƒbƒg’†Τ^•—ή•s”\‚aΧ–E«ƒƒ“ƒpξ,¬n‚aΧ–Eξα‡iƒƒ“ƒpξE‘ξj
108,8,‚Ρ‚ά‚ρ«‘εΧ–E^EƒzƒWƒLƒ“’†Τ^•—ή•s”\‚aΧ–E«ƒƒ“ƒpξ,¬n‚aΧ–Eξα‡iƒƒ“ƒpξE‘ξj
109,9,‚sΧ–E«‘Oƒƒ“ƒp‹…”’•a,¬n‚sE‚m‚jΧ–Eξα‡
110,9,‚sΧ–E«‘εθχ—±ƒƒ“ƒp‹…”’•a,¬n‚sE‚m‚jΧ–Eξα‡
111,9,–«‚m‚jΧ–Eƒƒ“ƒp‘B«Ύ³,¬n‚sE‚m‚jΧ–Eξα‡
112,9,ƒAƒOƒƒbƒVƒu‚m‚jΧ–E”’•a,¬n‚sE‚m‚jΧ–Eξα‡
154,9,¬™‚d‚a‚u—z«‚sΧ–Eƒƒ“ƒp‘B«Ύ³,¬n‚sE‚m‚jΧ–Eξα‡
113,9,¬™‘Sg«‚d‚a‚u—z«‚sΧ–Eƒƒ“ƒp‘B«Ύ³,¬n‚sE‚m‚jΧ–Eξα‡
114,9,ν“——l…αvΗ—lƒƒ“ƒpξ,¬n‚sE‚m‚jΧ–Eξα‡
115,9,¬l‚sΧ–E”’•aƒƒ“ƒpξ,¬n‚sE‚m‚jΧ–Eξα‡
116,9,ίO«‚m‚j^‚sΧ–Eƒƒ“ƒpξE•@^,¬n‚sE‚m‚jΧ–Eξα‡
117,9,’°ΗΗΦA‚sΧ–Eƒƒ“ƒpξ,¬n‚sE‚m‚jΧ–Eξα‡
118,9,ΜδB‚sΧ–Eƒƒ“ƒpξ,¬n‚sE‚m‚jΧ–Eξα‡
119,9,”η‰Ί‰–bD‰—l‚sΧ–Eƒƒ“ƒpξ,¬n‚sE‚m‚jΧ–Eξα‡
120,9,‹Ϋσ‘§“χΗ,¬n‚sE‚m‚jΧ–Eξα‡
121,9,ƒZƒUƒ[ΗσQ,¬n‚sE‚m‚jΧ–Eξα‡
122,9,ƒƒ“ƒpξ—l‹u]Η,¬n‚sE‚m‚jΧ–Eξα‡
123,9,”η•†΄”­«–Ά•‰»‘εΧ–Eƒƒ“ƒpξ,¬n‚sE‚m‚jΧ–Eξα‡
124,9,”η•†΄”­«ƒΑƒΒ‚sΧ–Eƒƒ“ƒpξ,¬n‚sE‚m‚jΧ–Eξα‡
125,9,‚b‚c‚W—z«”η•†‚sΧ–Eƒƒ“ƒpξ,¬n‚sE‚m‚jΧ–Eξα‡
126,9,‚b‚c‚S—z«”η•†‚sΧ–Eƒƒ“ƒpξ,¬n‚sE‚m‚jΧ–Eξα‡
127,9,––½«‚sΧ–Eƒƒ“ƒpξEΪΧ•s–Ύ,¬n‚sE‚m‚jΧ–Eξα‡
128,9,Η–Ζ‰u‰θ‹…«‚sΧ–Eƒƒ“ƒpξ,¬n‚sE‚m‚jΧ–Eξα‡
129,9,‚`‚k‚j—z«–Ά•‰»‘εΧ–Eƒƒ“ƒpξ,¬n‚sE‚m‚jΧ–Eξα‡
130,9,‚`‚k‚j‰A«–Ά•‰»‘εΧ–Eƒƒ“ƒpξ,¬n‚sE‚m‚jΧ–Eξα‡
131,10,‹ί«ƒƒ“ƒp‹…—DΚ^ƒzƒWƒLƒ“ƒƒ“ƒpξ,ƒzƒWƒLƒ“ƒƒ“ƒpξ
132,10,Γ“T“IƒzƒWƒLƒ“ƒƒ“ƒpξ,ƒzƒWƒLƒ“ƒƒ“ƒpξ
133,10,‹ίd‰»^Γ“T“IƒzƒWƒLƒ“ƒƒ“ƒpξ,ƒzƒWƒLƒ“ƒƒ“ƒpξ
134,10,ƒƒ“ƒp‹…–L•x^Γ“T“IƒzƒWƒLƒ“ƒƒ“ƒpξ,ƒzƒWƒLƒ“ƒƒ“ƒpξ
135,10,¬‡Χ–E^Γ“T“IƒzƒWƒLƒ“ƒƒ“ƒpξ,ƒzƒWƒLƒ“ƒƒ“ƒpξ
136,10,ƒƒ“ƒp‹…Έ­^Γ“T“IƒzƒWƒLƒ“ƒƒ“ƒpξ,ƒzƒWƒLƒ“ƒƒ“ƒpξ
137,11,‘gD‹…“χξ,‘gD‹…EχσΧ–Eξα‡
138,11,ƒ‰ƒ“ƒQƒ‹ƒnƒ“ƒXΧ–E‘gD‹…Η,‘gD‹…EχσΧ–Eξα‡
139,11,ƒ‰ƒ“ƒQƒ‹ƒnƒ“ƒXΧ–E“χξ,‘gD‹…EχσΧ–Eξα‡
140,11,wσ›Ζ“όΧ–E“χξ,‘gD‹…EχσΧ–Eξα‡
141,11,ΰh–EχσΧ–E“χξ,‘gD‹…EχσΧ–Eξα‡
142,11,όΫ‰θ‹…«–ΤσΧ–Eξα‡,‘gD‹…EχσΧ–Eξα‡
143,11,‚»‚Μ‘Ό‚ΜχσΧ–Eξα‡,‘gD‹…EχσΧ–Eξα‡
144,11,”dν«α”N«‰©F“χ‰θξ,‘gD‹…EχσΧ–Eξα‡
145,12,ΪAγƒƒ“ƒp‘B«Ύ³i`ΏΧ–E‰ί`¬j,ΪAγƒƒ“ƒp‘B«Ύ³
146,12,ΪAγƒƒ“ƒp‘B«Ύ³i“`υ«’Pj‹…Η—l•a•Οj,ΪAγƒƒ“ƒp‘B«Ύ³
147,12,‘½`«ΪAγƒƒ“ƒp‘B«Ύ³,ΪAγƒƒ“ƒp‘B«Ύ³
1001,101,ƒtƒ@ƒ“ƒRƒj[•n,Δ¶•s—Η«•n
1002,101,ζ“V«p‰»ΩνΗ,Δ¶•s—Η«•n
1003,101,‚»‚Μ‘Ό‚Μζ“V«Δ¶•s—Η«•n,Δ¶•s—Η«•n
1004,101,“Α”­«Δ¶•s—Η«•n,Δ¶•s—Η«•n
1005,101,–ςά«Δ¶•s—Η«•n,Δ¶•s—Η«•n
1006,101,•ϊΛό«•n,Δ¶•s—Η«•n
1007,101,”DP•nΗ,Δ¶•s—Η«•n
1008,101,‚»‚Μ‘Ό‚Μ“ρ«Δ¶•s—Η«•n,Δ¶•s—Η«•n
1009,101,Μ‰γΔ¶•s—Η«•n,Δ¶•s—Η«•n
1010,101,Δ¶•s—Η«•nE‚o‚m‚gΗσQ,Δ¶•s—Η«•n
1011,102,ζ“V«Τ‰θ‹…‚λ‚¤,Τ‰θ‹…‚λ‚¤
1012,102,“Α”­«Τ‰θ‹…α”,Τ‰θ‹…‚λ‚¤
1013,102,‘±”­«Τ‰θ‹…α”,Τ‰θ‹…‚λ‚¤
1014,103,β“`«‹…σΤ‹…Η,—n«•n
1015,103,β“`«‘Θ‰~Τ‹…Η,—n«•n
1016,103,‚»‚Μ‘Ό‚ΜΤ‹…–ΩνΗ,—n«•n
1017,103,‚f‚U‚o‚c‡–R«•n,—n«•n
1018,103,ƒsƒ‹ƒrƒ“_ƒLƒi[ƒ[‡–R«•n,—n«•n
1019,103,‚»‚Μ‘Ό‚Μζ“V«Τ‹…y‘fΩν,—n«•n
1020,103,™σΤ‹…Η,—n«•n
1021,103,•sΐ’θƒwƒ‚ƒOƒƒrƒ“Η,—n«•n
1022,103,ƒTƒ‰ƒZƒ~ƒA,—n«•n
1023,103,‚»‚Μ‘Ό‚Μƒwƒ‚ƒOƒƒrƒ“ΩνΗ,—n«•n
1024,103,‰·®©Θ–Ζ‰u«—n«•n,—n«•n
1025,103,¦—β‹ΓW‘fΗ,—n«•n
1026,103,¬‡^©Θ–Ζ‰u«—n«•n,—n«•n
1027,103,”­μ«¦—βƒwƒ‚ƒOƒƒrƒ“”AΗ,—n«•n
1028,103,”­μ«–ιΤƒwƒ‚ƒOƒƒrƒ“”AΗ,—n«•n
1029,103,ƒAƒvƒVƒ‡[EƒVƒ…[ƒ‹ƒ}ƒ“ΗσQ,—n«•n
1030,103,π«¬”ΒΈ­«‡”Α•a,—n«•n
1031,103,—n«”A“ΕΗ«ΗσQ,—n«•n
1032,103,”dν«‘ΰΗ,—n«•n
1033,103,‹@B“I—n«•n,—n«•n
1034,103,sRF‘f”AΗ,—n«•n
1035,103,‚»‚Μ‘Ό‚ΜΤ‹…”jΣΗσQ,—n«•n
1036,103,V¶™—n«•n,—n«•n
1037,104,ƒrƒ^ƒ~ƒ“‚a‚P‚Q‡–R«•n,‚»‚Μ‘Ό‚Μ•n
1038,104,—t_‡–R«•n,‚»‚Μ‘Ό‚Μ•n
1039,104,‚»‚Μ‘Ό‚Μ‹Τ‰θ‹…«•n,‚»‚Μ‘Ό‚Μ•n
1040,104,ζ“V«Τ‹…`¬Ων«•n,‚»‚Μ‘Ό‚Μ•n
1041,104,“S‰θ‹…«•n,‚»‚Μ‘Ό‚Μ•n
1042,104,–³ƒgƒ‰ƒ“ƒXƒtƒFƒƒ“Η,‚»‚Μ‘Ό‚Μ•n
1043,104,“Α”­«”xƒwƒ‚ƒWƒfƒ[ƒVƒX,‚»‚Μ‘Ό‚Μ•n
1044,105,‘‘Ξ“IΤ‹…‘‰ΑΗ,Τ‹…‘‰ΑΗ
1045,105,‘±”­«Τ‹…‘‰ΑΗ,Τ‹…‘‰ΑΗ
1046,106,ƒƒCEƒwƒOƒƒ“ΗσQ,¬”Β‹@”\ΩνΗ
1047,106,ƒxƒ‹ƒi[ƒ‹EƒX[ƒƒGΗσQ,¬”Β‹@”\ΩνΗ
1048,106,¬”Β–³—ΝΗ,¬”Β‹@”\ΩνΗ
1049,106,‚»‚Μ‘Ό‚Μ¬”Β‹@”\ΩνΗ,¬”Β‹@”\ΩνΗ
1050,107,΄”­«¬”ΒΈ­Η,¬”ΒΈ­Η
1051,107,‹}«“Α”­«¬”ΒΈ­«‡”Α•a,¬”ΒΈ­Η
1052,107,–«“Α”­«¬”ΒΈ­«‡”Α•a,¬”ΒΈ­Η
1053,107,“Α”­«¬”ΒΈ­«‡”Α•a,¬”ΒΈ­Η
1054,107,ƒGƒoƒ“ƒXΗσQ,¬”ΒΈ­Η
1055,107,ƒwƒpƒƒ“‹Nφ«¬”ΒΈ­Η,¬”ΒΈ­Η
1056,107,‚d‚c‚s‚`Λ‘¶«‹U«¬”ΒΈ­Η,¬”ΒΈ­Η
1057,107,ƒJƒTƒoƒbƒnEƒƒƒbƒgΗσQ,¬”ΒΈ­Η
1058,107,‚»‚Μ‘Ό‚Μ¬”ΒΈ­Η,¬”ΒΈ­Η
1059,108,’Pƒ«‡”Α•a,Η«‡”Α•a
1060,108,ƒAƒƒ‹ƒM[«‡”Α•a,Η«‡”Α•a
1061,108,‚»‚Μ‘Ό‚ΜΗ«‡”Α•a,Η«‡”Α•a
1062,109,—F•a‚`,‰t‹ΓΕΩν
1063,109,—F•a‚a,‰t‹ΓΕΩν
1064,109,ƒtƒHƒ“ƒEƒBƒ‹ƒuƒ‰ƒ“ƒh•a,‰t‹ΓΕΩν
1065,109,‚»‚Μ‘Ό‚Μζ“V«‹ΓΕφqΩνΗ,‰t‹ΓΕΩν
1066,109,V¶™ƒƒƒi,‰t‹ΓΕΩν
1067,109,ƒrƒ^ƒ~ƒ“‚j‡–R‚Ι‚ζ‚ι‹ΓΕφq‡–R,‰t‹ΓΕΩν
1068,109,zΒ«R‹ΓφqΗ,‰t‹ΓΕΩν
1069,109,‚»‚Μ‘Ό‚Μγ“V«‹ΓΕφqΩνΗ,‰t‹ΓΕΩν
1070,110,ƒvƒƒeƒCƒ“‚r‡–RΗ,π«Ύ³
1071,110,ƒvƒƒeƒCƒ“‚b‡–RΗ,π«Ύ³
1072,110,ƒAƒ“ƒ`ƒgƒƒ“ƒrƒ“‚h‚h‚h‡–RΗ,π«Ύ³
1073,110,ƒwƒpƒƒ“EƒRƒtƒ@ƒNƒ^[‚h‚h‡–RΗ,π«Ύ³
1074,110,ƒvƒ‰ƒXƒ~ƒmƒQƒ“ΩνΗ,π«Ύ³
1075,110,‚»‚Μ‘Ό‚Μζ“V«πXό,π«Ύ³
1076,110,Rƒƒ“‰ΏR‘ΜΗσQ,π«Ύ³
1077,110,‚»‚Μ‘Ό‚Μγ“V«πXό,π«Ύ³
1078,110,”dν«Η“ΰ‹ΓΕ,π«Ύ³
1079,111,¬™β“`«–³θχ—±‹…Η,D’†‹…Έ­Η
1080,111,ƒVƒ…ƒƒbƒNƒ}ƒ“ΗσQ,D’†‹…Έ­Η
1081,111,‚»‚Μ‘Ό‚Μζ“V«D’†‹…Έ­Η,D’†‹…Έ­Η
1082,111,©Θ–Ζ‰u«D’†‹…Έ­Η,D’†‹…Έ­Η
1083,111,όϊ«D’†‹…Έ­Η,D’†‹…Έ­Η
1084,111,–³θχ—±‹…Η,D’†‹…Έ­Η
1085,111,δB‹@”\΄iΗ,D’†‹…Έ­Η
1086,112,‚Θ‚ά‚―‚ΰ‚Μ”’‹…ΗσQ,”’‹…‹@”\αQ
1087,112,‚‚h‚‡‚dΗσQ,”’‹…‹@”\αQ
1088,112,”’‹…Ϊ’…•s‘SΗ,”’‹…‹@”\αQ
1089,112,ƒ`ƒFƒfƒBƒAƒbƒNE“ΗσQ,”’‹…‹@”\αQ
1090,112,–«“χ‰θξΗ,”’‹…‹@”\αQ
1091,112,‚»‚Μ‘Ό‚Μ”’‹…‹@”\αQ,”’‹…‹@”\αQ
1092,113,dΗ•΅‡–Ζ‰u•s‘SΗ,–Ζ‰u•s‘SΗ
1093,113,ƒEƒBƒXƒRƒbƒgEƒIƒ‹ƒhƒƒbƒ`ΗσQ,–Ζ‰u•s‘SΗ
1094,113,‚wA½–³ƒKƒ“ƒ}ƒOƒƒuƒƒ“Η,–Ζ‰u•s‘SΗ
1095,113,•—ή•s”\–Ζ‰u•s‘SΗ,–Ζ‰u•s‘SΗ
1096,113,–ΡΧΗg’£«‰^“®Έ’²Η,–Ζ‰u•s‘SΗ
1097,113,‚‚h‚‡‚lΗσQ,–Ζ‰u•s‘SΗ
1098,113,‚»‚Μ‘Ό‚Μ–Ζ‰u•s‘S,–Ζ‰u•s‘SΗ
1099,114,‘gD‹…«‰σ€«ƒƒ“ƒpί‰,ƒƒ“ƒpE‘gD‹…«Ύ³
1100,114,‹…ζΓHΗσQ,ƒƒ“ƒpE‘gD‹…«Ύ³
1101,114,“`υ«’PjΗ,ƒƒ“ƒpE‘gD‹…«Ύ³
1102,114,‹…ζΓH«ƒƒ“ƒp‘gD‹…Η,ƒƒ“ƒpE‘gD‹…«Ύ³
